<?xml version="1.0" encoding="UTF-8"?>
<project-private xmlns="http://www.netbeans.org/ns/project-private/1">
    <editor-bookmarks xmlns="http://www.netbeans.org/ns/editor-bookmarks/2" lastBookmarkId="0"/>
    <open-files xmlns="http://www.netbeans.org/ns/projectui-open-files/2">
        <group>
            <file>file:/C:/wamp/www/BnW/application/models/viewmodel.php</file>
            <file>file:/C:/wamp/www/BnW/content/uploads/styles/style.css</file>
            <file>file:/C:/wamp/www/BnW/application/controllers/view.php</file>
            <file>file:/C:/wamp/www/BnW/application/views/central/sucess_story.php</file>
            <file>file:/C:/wamp/www/BnW/application/views/central/footer.php</file>
            <file>file:/C:/wamp/www/BnW/application/views/central/header.php</file>
            <file>file:/C:/wamp/www/BnW/application/views/central/main.php</file>
        </group>
    </open-files>
</project-private>
